id,rank,resType,name,position,needStar,coinCast,starPoint,coinBet,hp,pdd,mdd,atk,hit,criPrb,criRes,miss,ctrPrb,criCoe,coeRes,stars
1,1,1,一重天,1,230,1000,10,"1,100|2,0|3,0|5,0",720,0,0,0,0,0,0,0,0,0,0,1
2,1,1,一重天,2,270,1000,10,"1,100|2,0|3,0|5,0",720,16,0,0,0,0,0,0,0,0,0,1
3,1,1,一重天,3,320,1000,10,"1,100|2,0|3,0|5,0",720,16,16,0,0,0,0,0,0,0,0,1
4,1,1,一重天,4,360,1000,10,"1,100|2,0|3,0|5,0",720,16,16,70,0,0,0,0,0,0,0,1
5,1,1,一重天,5,400,1000,10,"1,100|2,0|3,0|5,0",720,16,16,70,0.002,0,0,0,0,0,0,1
6,1,1,一重天,6,430,1000,10,"1,100|2,0|3,0|5,0",720,16,16,70,0.002,0.002,0,0,0,0,0,1
7,1,1,一重天,7,470,1000,10,"1,100|2,0|3,0|5,0",720,16,16,70,0.002,0.002,0.002,0,0,0,0,1
8,1,1,一重天,0,27,-1,-1,-1,720,16,16,70,0.002,0.002,0.002,0.002,0.001,0,0,1
9,2,2,二重天,1,510,1000,10,"1,100|2,0|3,0|5,0",1440,16,16,70,0.002,0.002,0.002,0.002,0.001,0,0,1
10,2,2,二重天,2,540,1000,10,"1,100|2,0|3,0|5,0",1440,32,16,70,0.002,0.002,0.002,0.002,0.001,0,0,1
11,2,2,二重天,3,570,1000,10,"1,100|2,0|3,0|5,0",1440,32,32,70,0.002,0.002,0.002,0.002,0.001,0,0,1
12,2,2,二重天,4,610,1000,10,"1,100|2,0|3,0|5,0",1440,32,32,140,0.002,0.002,0.002,0.002,0.001,0,0,1
13,2,2,二重天,5,640,1000,10,"1,100|2,0|3,0|5,0",1440,32,32,140,0.004,0.002,0.002,0.002,0.001,0,0,1
14,2,2,二重天,6,670,1000,10,"1,100|2,0|3,0|5,0",1440,32,32,140,0.004,0.004,0.002,0.002,0.001,0,0,1
15,2,2,二重天,7,700,1000,10,"1,100|2,0|3,0|5,0",1440,32,32,140,0.004,0.004,0.004,0.002,0.001,0,0,1
16,2,2,二重天,0,27,-1,-1,-1,1440,32,32,140,0.004,0.004,0.004,0.004,0.002,0,0,1
17,3,3,三重天,1,490,1500,10,"1,100|2,0|3,0|5,0",2160,32,32,140,0.004,0.004,0.004,0.004,0.002,0,0,2
18,3,3,三重天,2,510,1500,10,"1,100|2,0|3,0|5,0",2160,48,32,140,0.004,0.004,0.004,0.004,0.002,0,0,2
19,3,3,三重天,3,530,1500,10,"1,100|2,0|3,0|5,0",2160,48,48,140,0.004,0.004,0.004,0.004,0.002,0,0,2
20,3,3,三重天,4,550,1500,10,"1,100|2,0|3,0|5,0",2160,48,48,210,0.004,0.004,0.004,0.004,0.002,0,0,2
21,3,3,三重天,5,570,1500,10,"1,100|2,0|3,0|5,0",2160,48,48,210,0.006,0.004,0.004,0.004,0.002,0,0,2
22,3,3,三重天,6,590,1500,10,"1,100|2,0|3,0|5,0",2160,48,48,210,0.006,0.006,0.004,0.004,0.002,0,0,2
23,3,3,三重天,7,610,1500,10,"1,100|2,0|3,0|5,0",2160,48,48,210,0.006,0.006,0.006,0.004,0.002,0,0,2
24,3,3,三重天,0,36,-1,-1,-1,2160,48,48,210,0.006,0.006,0.006,0.006,0.003,0,0,2
25,4,1,四重天,1,630,1500,10,"1,100|2,0|3,0|5,0",2880,48,48,210,0.006,0.006,0.006,0.006,0.003,0,0,2
26,4,1,四重天,2,640,1500,10,"1,100|2,0|3,0|5,0",2880,64,48,210,0.006,0.006,0.006,0.006,0.003,0,0,2
27,4,1,四重天,3,660,1500,10,"1,100|2,0|3,0|5,0",2880,64,64,210,0.006,0.006,0.006,0.006,0.003,0,0,2
28,4,1,四重天,4,680,1500,10,"1,100|2,0|3,0|5,0",2880,64,64,280,0.006,0.006,0.006,0.006,0.003,0,0,2
29,4,1,四重天,5,700,1500,10,"1,100|2,0|3,0|5,0",2880,64,64,280,0.008,0.006,0.006,0.006,0.003,0,0,2
30,4,1,四重天,6,720,1500,10,"1,100|2,0|3,0|5,0",2880,64,64,280,0.008,0.008,0.006,0.006,0.003,0,0,2
31,4,1,四重天,7,740,1500,10,"1,100|2,0|3,0|5,0",2880,64,64,280,0.008,0.008,0.008,0.006,0.003,0,0,2
32,4,1,四重天,0,36,-1,-1,-1,2880,64,64,280,0.008,0.008,0.008,0.008,0.004,0,0,2
33,5,2,五重天,1,750,1500,10,"1,100|2,0|3,0|5,0",3600,64,64,280,0.008,0.008,0.008,0.008,0.004,0,0,2
34,5,2,五重天,2,770,1500,10,"1,100|2,0|3,0|5,0",3600,80,64,280,0.008,0.008,0.008,0.008,0.004,0,0,2
35,5,2,五重天,3,790,1500,10,"1,100|2,0|3,0|5,0",3600,80,80,280,0.008,0.008,0.008,0.008,0.004,0,0,2
36,5,2,五重天,4,810,1500,10,"1,100|2,0|3,0|5,0",3600,80,80,350,0.008,0.008,0.008,0.008,0.004,0,0,2
37,5,2,五重天,5,820,1500,10,"1,100|2,0|3,0|5,0",3600,80,80,350,0.01,0.008,0.008,0.008,0.004,0,0,2
38,5,2,五重天,6,840,1500,10,"1,100|2,0|3,0|5,0",3600,80,80,350,0.01,0.01,0.008,0.008,0.004,0,0,2
39,5,2,五重天,7,860,1500,10,"1,100|2,0|3,0|5,0",3600,80,80,350,0.01,0.01,0.01,0.008,0.004,0,0,2
40,5,2,五重天,0,36,-1,-1,-1,3600,80,80,350,0.01,0.01,0.01,0.01,0.005,0,0,2
41,6,3,六重天,1,880,1500,10,"1,100|2,0|3,0|5,0",4320,80,80,350,0.01,0.01,0.01,0.01,0.005,0,0,2
42,6,3,六重天,2,890,1500,10,"1,100|2,0|3,0|5,0",4320,96,80,350,0.01,0.01,0.01,0.01,0.005,0,0,2
43,6,3,六重天,3,910,1500,10,"1,100|2,0|3,0|5,0",4320,96,96,350,0.01,0.01,0.01,0.01,0.005,0,0,2
44,6,3,六重天,4,930,1500,10,"1,100|2,0|3,0|5,0",4320,96,96,420,0.01,0.01,0.01,0.01,0.005,0,0,2
45,6,3,六重天,5,940,1500,10,"1,100|2,0|3,0|5,0",4320,96,96,420,0.012,0.01,0.01,0.01,0.005,0,0,2
46,6,3,六重天,6,960,1500,10,"1,100|2,0|3,0|5,0",4320,96,96,420,0.012,0.012,0.01,0.01,0.005,0,0,2
47,6,3,六重天,7,980,1500,10,"1,100|2,0|3,0|5,0",4320,96,96,420,0.012,0.012,0.012,0.01,0.005,0,0,2
48,6,3,六重天,0,36,-1,-1,-1,4320,96,96,420,0.012,0.012,0.012,0.012,0.006,0,0,2
49,7,1,七重天,1,830,1800,10,"1,100|2,0|3,0|5,0",5040,96,96,420,0.012,0.012,0.012,0.012,0.006,0,0,3
50,7,1,七重天,2,840,1800,10,"1,100|2,0|3,0|5,0",5040,112,96,420,0.012,0.012,0.012,0.012,0.006,0,0,3
51,7,1,七重天,3,860,1800,10,"1,100|2,0|3,0|5,0",5040,112,112,420,0.012,0.012,0.012,0.012,0.006,0,0,3
52,7,1,七重天,4,870,1800,10,"1,100|2,0|3,0|5,0",5040,112,112,490,0.012,0.012,0.012,0.012,0.006,0,0,3
53,7,1,七重天,5,880,1800,10,"1,100|2,0|3,0|5,0",5040,112,112,490,0.014,0.012,0.012,0.012,0.006,0,0,3
54,7,1,七重天,6,900,1800,10,"1,100|2,0|3,0|5,0",5040,112,112,490,0.014,0.014,0.012,0.012,0.006,0,0,3
55,7,1,七重天,7,910,1800,10,"1,100|2,0|3,0|5,0",5040,112,112,490,0.014,0.014,0.014,0.012,0.006,0,0,3
56,7,1,七重天,0,36,-1,-1,-1,5040,112,112,490,0.014,0.014,0.014,0.014,0.007,0,0,3
57,8,2,八重天,1,920,1800,10,"1,100|2,0|3,0|5,0",5760,112,112,490,0.014,0.014,0.014,0.014,0.007,0,0,3
58,8,2,八重天,2,940,1800,10,"1,100|2,0|3,0|5,0",5760,128,112,490,0.014,0.014,0.014,0.014,0.007,0,0,3
59,8,2,八重天,3,950,1800,10,"1,100|2,0|3,0|5,0",5760,128,128,490,0.014,0.014,0.014,0.014,0.007,0,0,3
60,8,2,八重天,4,960,1800,10,"1,100|2,0|3,0|5,0",5760,128,128,560,0.014,0.014,0.014,0.014,0.007,0,0,3
61,8,2,八重天,5,980,1800,10,"1,100|2,0|3,0|5,0",5760,128,128,560,0.016,0.014,0.014,0.014,0.007,0,0,3
62,8,2,八重天,6,990,1800,10,"1,100|2,0|3,0|5,0",5760,128,128,560,0.016,0.016,0.014,0.014,0.007,0,0,3
63,8,2,八重天,7,1000,1800,10,"1,100|2,0|3,0|5,0",5760,128,128,560,0.016,0.016,0.016,0.014,0.007,0,0,3
64,8,2,八重天,0,36,-1,-1,-1,5760,128,128,560,0.016,0.016,0.016,0.016,0.008,0,0,3
65,9,3,九重天,1,1020,1800,10,"1,100|2,0|3,0|5,0",6480,128,128,560,0.016,0.016,0.016,0.016,0.008,0,0,3
66,9,3,九重天,2,1030,1800,10,"1,100|2,0|3,0|5,0",6480,144,128,560,0.016,0.016,0.016,0.016,0.008,0,0,3
67,9,3,九重天,3,1040,1800,10,"1,100|2,0|3,0|5,0",6480,144,144,560,0.016,0.016,0.016,0.016,0.008,0,0,3
68,9,3,九重天,4,1050,1800,10,"1,100|2,0|3,0|5,0",6480,144,144,630,0.016,0.016,0.016,0.016,0.008,0,0,3
69,9,3,九重天,5,1070,1800,10,"1,100|2,0|3,0|5,0",6480,144,144,630,0.018,0.016,0.016,0.016,0.008,0,0,3
70,9,3,九重天,6,1080,1800,10,"1,100|2,0|3,0|5,0",6480,144,144,630,0.018,0.018,0.016,0.016,0.008,0,0,3
71,9,3,九重天,7,1090,1800,10,"1,100|2,0|3,0|5,0",6480,144,144,630,0.018,0.018,0.018,0.016,0.008,0,0,3
72,9,3,九重天,0,36,-1,-1,-1,6480,144,144,630,0.018,0.018,0.018,0.018,0.009,0,0,3
73,10,1,十重天,1,1110,1800,10,"1,100|2,0|3,0|5,0",7200,144,144,630,0.018,0.018,0.018,0.018,0.009,0,0,3
74,10,1,十重天,2,1120,1800,10,"1,100|2,0|3,0|5,0",7200,160,144,630,0.018,0.018,0.018,0.018,0.009,0,0,3
75,10,1,十重天,3,1130,1800,10,"1,100|2,0|3,0|5,0",7200,160,160,630,0.018,0.018,0.018,0.018,0.009,0,0,3
76,10,1,十重天,4,1140,1800,10,"1,100|2,0|3,0|5,0",7200,160,160,700,0.018,0.018,0.018,0.018,0.009,0,0,3
77,10,1,十重天,5,1160,1800,10,"1,100|2,0|3,0|5,0",7200,160,160,700,0.02,0.018,0.018,0.018,0.009,0,0,3
78,10,1,十重天,6,1170,1800,10,"1,100|2,0|3,0|5,0",7200,160,160,700,0.02,0.02,0.018,0.018,0.009,0,0,3
79,10,1,十重天,7,1180,1800,10,"1,100|2,0|3,0|5,0",7200,160,160,700,0.02,0.02,0.02,0.018,0.009,0,0,3
80,10,1,十重天,0,36,-1,-1,-1,7200,160,160,700,0.02,0.02,0.02,0.02,0.01,0,0,3
81,11,2,十一重天,1,1190,1800,10,"1,100|2,0|3,0|5,0",7920,160,160,700,0.02,0.02,0.02,0.02,0.01,0,0,3
82,11,2,十一重天,2,1210,1800,10,"1,100|2,0|3,0|5,0",7920,176,160,700,0.02,0.02,0.02,0.02,0.01,0,0,3
83,11,2,十一重天,3,1220,1800,10,"1,100|2,0|3,0|5,0",7920,176,176,700,0.02,0.02,0.02,0.02,0.01,0,0,3
84,11,2,十一重天,4,1230,1800,10,"1,100|2,0|3,0|5,0",7920,176,176,770,0.02,0.02,0.02,0.02,0.01,0,0,3
85,11,2,十一重天,5,1240,1800,10,"1,100|2,0|3,0|5,0",7920,176,176,770,0.022,0.02,0.02,0.02,0.01,0,0,3
86,11,2,十一重天,6,1250,1800,10,"1,100|2,0|3,0|5,0",7920,176,176,770,0.022,0.022,0.02,0.02,0.01,0,0,3
87,11,2,十一重天,7,1270,1800,10,"1,100|2,0|3,0|5,0",7920,176,176,770,0.022,0.022,0.022,0.02,0.01,0,0,3
88,11,2,十一重天,0,36,-1,-1,-1,7920,176,176,770,0.022,0.022,0.022,0.022,0.011,0,0,3
89,12,3,十二重天,1,1280,1800,10,"1,100|2,0|3,0|5,0",8640,176,176,770,0.022,0.022,0.022,0.022,0.011,0,0,3
90,12,3,十二重天,2,1290,1800,10,"1,100|2,0|3,0|5,0",8640,192,176,770,0.022,0.022,0.022,0.022,0.011,0,0,3
91,12,3,十二重天,3,1300,1800,10,"1,100|2,0|3,0|5,0",8640,192,192,770,0.022,0.022,0.022,0.022,0.011,0,0,3
92,12,3,十二重天,4,1320,1800,10,"1,100|2,0|3,0|5,0",8640,192,192,840,0.022,0.022,0.022,0.022,0.011,0,0,3
93,12,3,十二重天,5,1330,1800,10,"1,100|2,0|3,0|5,0",8640,192,192,840,0.024,0.022,0.022,0.022,0.011,0,0,3
94,12,3,十二重天,6,1340,1800,10,"1,100|2,0|3,0|5,0",8640,192,192,840,0.024,0.024,0.022,0.022,0.011,0,0,3
95,12,3,十二重天,7,1350,1800,10,"1,100|2,0|3,0|5,0",8640,192,192,840,0.024,0.024,0.024,0.022,0.011,0,0,3
96,12,3,十二重天,0,36,-1,-1,-1,8640,192,192,840,0.024,0.024,0.024,0.024,0.012,0,0,3
97,13,1,十三重天,1,1230,2000,10,"1,100|2,0|3,0|5,0",9360,192,192,840,0.024,0.024,0.024,0.024,0.012,0,0,4
98,13,1,十三重天,2,1240,2000,10,"1,100|2,0|3,0|5,0",9360,208,192,840,0.024,0.024,0.024,0.024,0.012,0,0,4
99,13,1,十三重天,3,1250,2000,10,"1,100|2,0|3,0|5,0",9360,208,208,840,0.024,0.024,0.024,0.024,0.012,0,0,4
100,13,1,十三重天,4,1260,2000,10,"1,100|2,0|3,0|5,0",9360,208,208,910,0.024,0.024,0.024,0.024,0.012,0,0,4
101,13,1,十三重天,5,1270,2000,10,"1,100|2,0|3,0|5,0",9360,208,208,910,0.026,0.024,0.024,0.024,0.012,0,0,4
102,13,1,十三重天,6,1280,2000,10,"1,100|2,0|3,0|5,0",9360,208,208,910,0.026,0.026,0.024,0.024,0.012,0,0,4
103,13,1,十三重天,7,1290,2000,10,"1,100|2,0|3,0|5,0",9360,208,208,910,0.026,0.026,0.026,0.024,0.012,0,0,4
104,13,1,十三重天,0,36,-1,-1,-1,9360,208,208,910,0.026,0.026,0.026,0.026,0.013,0,0,4
105,14,2,十四重天,1,1300,2000,10,"1,100|2,0|3,0|5,0",10080,208,208,910,0.026,0.026,0.026,0.026,0.013,0,0,4
106,14,2,十四重天,2,1310,2000,10,"1,100|2,0|3,0|5,0",10080,224,208,910,0.026,0.026,0.026,0.026,0.013,0,0,4
107,14,2,十四重天,3,1320,2000,10,"1,100|2,0|3,0|5,0",10080,224,224,910,0.026,0.026,0.026,0.026,0.013,0,0,4
108,14,2,十四重天,4,1330,2000,10,"1,100|2,0|3,0|5,0",10080,224,224,980,0.026,0.026,0.026,0.026,0.013,0,0,4
109,14,2,十四重天,5,1340,2000,10,"1,100|2,0|3,0|5,0",10080,224,224,980,0.028,0.026,0.026,0.026,0.013,0,0,4
110,14,2,十四重天,6,1360,2000,10,"1,100|2,0|3,0|5,0",10080,224,224,980,0.028,0.028,0.026,0.026,0.013,0,0,4
111,14,2,十四重天,7,1370,2000,10,"1,100|2,0|3,0|5,0",10080,224,224,980,0.028,0.028,0.028,0.026,0.013,0,0,4
112,14,2,十四重天,0,36,-1,-1,-1,10080,224,224,980,0.028,0.028,0.028,0.028,0.014,0,0,4
113,15,3,十五重天,1,1380,2000,10,"1,100|2,0|3,0|5,0",10800,224,224,980,0.028,0.028,0.028,0.028,0.014,0,0,4
114,15,3,十五重天,2,1390,2000,10,"1,100|2,0|3,0|5,0",10800,240,224,980,0.028,0.028,0.028,0.028,0.014,0,0,4
115,15,3,十五重天,3,1400,2000,10,"1,100|2,0|3,0|5,0",10800,240,240,980,0.028,0.028,0.028,0.028,0.014,0,0,4
116,15,3,十五重天,4,1410,2000,10,"1,100|2,0|3,0|5,0",10800,240,240,1050,0.028,0.028,0.028,0.028,0.014,0,0,4
117,15,3,十五重天,5,1420,2000,10,"1,100|2,0|3,0|5,0",10800,240,240,1050,0.03,0.028,0.028,0.028,0.014,0,0,4
118,15,3,十五重天,6,1430,2000,10,"1,100|2,0|3,0|5,0",10800,240,240,1050,0.03,0.03,0.028,0.028,0.014,0,0,4
119,15,3,十五重天,7,1440,2000,10,"1,100|2,0|3,0|5,0",10800,240,240,1050,0.03,0.03,0.03,0.028,0.014,0,0,4
120,15,3,十五重天,0,36,-1,-1,-1,10800,240,240,1050,0.03,0.03,0.03,0.03,0.015,0,0,4
121,16,1,十六重天,1,1450,2000,10,"1,100|2,0|3,0|5,0",11520,240,240,1050,0.03,0.03,0.03,0.03,0.015,0,0,4
122,16,1,十六重天,2,1460,2000,10,"1,100|2,0|3,0|5,0",11520,256,240,1050,0.03,0.03,0.03,0.03,0.015,0,0,4
123,16,1,十六重天,3,1470,2000,10,"1,100|2,0|3,0|5,0",11520,256,256,1050,0.03,0.03,0.03,0.03,0.015,0,0,4
124,16,1,十六重天,4,1480,2000,10,"1,100|2,0|3,0|5,0",11520,256,256,1120,0.03,0.03,0.03,0.03,0.015,0,0,4
125,16,1,十六重天,5,1490,2000,10,"1,100|2,0|3,0|5,0",11520,256,256,1120,0.032,0.03,0.03,0.03,0.015,0,0,4
126,16,1,十六重天,6,1500,2000,10,"1,100|2,0|3,0|5,0",11520,256,256,1120,0.032,0.032,0.03,0.03,0.015,0,0,4
127,16,1,十六重天,7,1510,2000,10,"1,100|2,0|3,0|5,0",11520,256,256,1120,0.032,0.032,0.032,0.03,0.015,0,0,4
128,16,1,十六重天,0,36,-1,-1,-1,11520,256,256,1120,0.032,0.032,0.032,0.032,0.016,0,0,4
129,17,2,十七重天,1,1520,2000,10,"1,100|2,0|3,0|5,0",12240,256,256,1120,0.032,0.032,0.032,0.032,0.016,0,0,4
130,17,2,十七重天,2,1530,2000,10,"1,100|2,0|3,0|5,0",12240,272,256,1120,0.032,0.032,0.032,0.032,0.016,0,0,4
131,17,2,十七重天,3,1540,2000,10,"1,100|2,0|3,0|5,0",12240,272,272,1120,0.032,0.032,0.032,0.032,0.016,0,0,4
132,17,2,十七重天,4,1550,2000,10,"1,100|2,0|3,0|5,0",12240,272,272,1190,0.032,0.032,0.032,0.032,0.016,0,0,4
133,17,2,十七重天,5,1560,2000,10,"1,100|2,0|3,0|5,0",12240,272,272,1190,0.034,0.032,0.032,0.032,0.016,0,0,4
134,17,2,十七重天,6,1570,2000,10,"1,100|2,0|3,0|5,0",12240,272,272,1190,0.034,0.034,0.032,0.032,0.016,0,0,4
135,17,2,十七重天,7,1580,2000,10,"1,100|2,0|3,0|5,0",12240,272,272,1190,0.034,0.034,0.034,0.032,0.016,0,0,4
136,17,2,十七重天,0,36,-1,-1,-1,12240,272,272,1190,0.034,0.034,0.034,0.034,0.017,0,0,4
137,18,3,十八重天,1,1590,2000,10,"1,100|2,0|3,0|5,0",12960,272,272,1190,0.034,0.034,0.034,0.034,0.017,0,0,4
138,18,3,十八重天,2,1600,2000,10,"1,100|2,0|3,0|5,0",12960,288,272,1190,0.034,0.034,0.034,0.034,0.017,0,0,4
139,18,3,十八重天,3,1610,2000,10,"1,100|2,0|3,0|5,0",12960,288,288,1190,0.034,0.034,0.034,0.034,0.017,0,0,4
140,18,3,十八重天,4,1620,2000,10,"1,100|2,0|3,0|5,0",12960,288,288,1260,0.034,0.034,0.034,0.034,0.017,0,0,4
141,18,3,十八重天,5,1630,2000,10,"1,100|2,0|3,0|5,0",12960,288,288,1260,0.036,0.034,0.034,0.034,0.017,0,0,4
142,18,3,十八重天,6,1640,2000,10,"1,100|2,0|3,0|5,0",12960,288,288,1260,0.036,0.036,0.034,0.034,0.017,0,0,4
143,18,3,十八重天,7,1650,2000,10,"1,100|2,0|3,0|5,0",12960,288,288,1260,0.036,0.036,0.036,0.034,0.017,0,0,4
144,18,3,十八重天,0,36,-1,-1,-1,12960,288,288,1260,0.036,0.036,0.036,0.036,0.018,0,0,4
145,19,1,十九重天,1,1660,2000,10,"1,100|2,0|3,0|5,0",13680,288,288,1260,0.036,0.036,0.036,0.036,0.018,0,0,4
146,19,1,十九重天,2,1670,2000,10,"1,100|2,0|3,0|5,0",13680,304,288,1260,0.036,0.036,0.036,0.036,0.018,0,0,4
147,19,1,十九重天,3,1680,2000,10,"1,100|2,0|3,0|5,0",13680,304,304,1260,0.036,0.036,0.036,0.036,0.018,0,0,4
148,19,1,十九重天,4,1690,2000,10,"1,100|2,0|3,0|5,0",13680,304,304,1330,0.036,0.036,0.036,0.036,0.018,0,0,4
149,19,1,十九重天,5,1700,2000,10,"1,100|2,0|3,0|5,0",13680,304,304,1330,0.038,0.036,0.036,0.036,0.018,0,0,4
150,19,1,十九重天,6,1710,2000,10,"1,100|2,0|3,0|5,0",13680,304,304,1330,0.038,0.038,0.036,0.036,0.018,0,0,4
151,19,1,十九重天,7,1720,2000,10,"1,100|2,0|3,0|5,0",13680,304,304,1330,0.038,0.038,0.038,0.036,0.018,0,0,4
152,19,1,十九重天,0,36,-1,-1,-1,13680,304,304,1330,0.038,0.038,0.038,0.038,0.019,0,0,4
153,20,2,二十重天,1,1730,2000,10,"1,100|2,0|3,0|5,0",14400,304,304,1330,0.038,0.038,0.038,0.038,0.019,0,0,4
154,20,2,二十重天,2,1740,2000,10,"1,100|2,0|3,0|5,0",14400,320,304,1330,0.038,0.038,0.038,0.038,0.019,0,0,4
155,20,2,二十重天,3,1750,2000,10,"1,100|2,0|3,0|5,0",14400,320,320,1330,0.038,0.038,0.038,0.038,0.019,0,0,4
156,20,2,二十重天,4,1760,2000,10,"1,100|2,0|3,0|5,0",14400,320,320,1400,0.038,0.038,0.038,0.038,0.019,0,0,4
157,20,2,二十重天,5,1770,2000,10,"1,100|2,0|3,0|5,0",14400,320,320,1400,0.04,0.038,0.038,0.038,0.019,0,0,4
158,20,2,二十重天,6,1780,2000,10,"1,100|2,0|3,0|5,0",14400,320,320,1400,0.04,0.04,0.038,0.038,0.019,0,0,4
159,20,2,二十重天,7,1790,2000,10,"1,100|2,0|3,0|5,0",14400,320,320,1400,0.04,0.04,0.04,0.038,0.019,0,0,4
160,20,2,二十重天,0,36,-1,-1,-1,14400,320,320,1400,0.04,0.04,0.04,0.04,0.02,0,0,4
161,21,3,二十一重天,1,1440,2500,10,"1,100|2,0|3,0|5,0",15120,320,320,1400,0.04,0.04,0.04,0.04,0.02,0,0,5
162,21,3,二十一重天,2,1450,2500,10,"1,100|2,0|3,0|5,0",15120,336,320,1400,0.04,0.04,0.04,0.04,0.02,0,0,5
163,21,3,二十一重天,3,1460,2500,10,"1,100|2,0|3,0|5,0",15120,336,336,1400,0.04,0.04,0.04,0.04,0.02,0,0,5
164,21,3,二十一重天,4,1460,2500,10,"1,100|2,0|3,0|5,0",15120,336,336,1470,0.04,0.04,0.04,0.04,0.02,0,0,5
165,21,3,二十一重天,5,1470,2500,10,"1,100|2,0|3,0|5,0",15120,336,336,1470,0.042,0.04,0.04,0.04,0.02,0,0,5
166,21,3,二十一重天,6,1480,2500,10,"1,100|2,0|3,0|5,0",15120,336,336,1470,0.042,0.042,0.04,0.04,0.02,0,0,5
167,21,3,二十一重天,7,1490,2500,10,"1,100|2,0|3,0|5,0",15120,336,336,1470,0.042,0.042,0.042,0.04,0.02,0,0,5
168,21,3,二十一重天,0,36,-1,-1,-1,15120,336,336,1470,0.042,0.042,0.042,0.042,0.021,0,0,5
169,22,1,二十二重天,1,1490,2500,10,"1,100|2,0|3,0|5,0",15840,336,336,1470,0.042,0.042,0.042,0.042,0.021,0,0,5
170,22,1,二十二重天,2,1500,2500,10,"1,100|2,0|3,0|5,0",15840,352,336,1470,0.042,0.042,0.042,0.042,0.021,0,0,5
171,22,1,二十二重天,3,1510,2500,10,"1,100|2,0|3,0|5,0",15840,352,352,1470,0.042,0.042,0.042,0.042,0.021,0,0,5
172,22,1,二十二重天,4,1520,2500,10,"1,100|2,0|3,0|5,0",15840,352,352,1540,0.042,0.042,0.042,0.042,0.021,0,0,5
173,22,1,二十二重天,5,1530,2500,10,"1,100|2,0|3,0|5,0",15840,352,352,1540,0.044,0.042,0.042,0.042,0.021,0,0,5
174,22,1,二十二重天,6,1530,2500,10,"1,100|2,0|3,0|5,0",15840,352,352,1540,0.044,0.044,0.042,0.042,0.021,0,0,5
175,22,1,二十二重天,7,1540,2500,10,"1,100|2,0|3,0|5,0",15840,352,352,1540,0.044,0.044,0.044,0.042,0.021,0,0,5
176,22,1,二十二重天,0,36,-1,-1,-1,15840,352,352,1540,0.044,0.044,0.044,0.044,0.022,0,0,5
177,23,2,二十三重天,1,1550,2500,10,"1,100|2,0|3,0|5,0",16560,352,352,1540,0.044,0.044,0.044,0.044,0.022,0,0,5
178,23,2,二十三重天,2,1560,2500,10,"1,100|2,0|3,0|5,0",16560,368,352,1540,0.044,0.044,0.044,0.044,0.022,0,0,5
179,23,2,二十三重天,3,1560,2500,10,"1,100|2,0|3,0|5,0",16560,368,368,1540,0.044,0.044,0.044,0.044,0.022,0,0,5
180,23,2,二十三重天,4,1570,2500,10,"1,100|2,0|3,0|5,0",16560,368,368,1610,0.044,0.044,0.044,0.044,0.022,0,0,5
181,23,2,二十三重天,5,1580,2500,10,"1,100|2,0|3,0|5,0",16560,368,368,1610,0.046,0.044,0.044,0.044,0.022,0,0,5
182,23,2,二十三重天,6,1590,2500,10,"1,100|2,0|3,0|5,0",16560,368,368,1610,0.046,0.046,0.044,0.044,0.022,0,0,5
183,23,2,二十三重天,7,1590,2500,10,"1,100|2,0|3,0|5,0",16560,368,368,1610,0.046,0.046,0.046,0.044,0.022,0,0,5
184,23,2,二十三重天,0,36,-1,-1,-1,16560,368,368,1610,0.046,0.046,0.046,0.046,0.023,0,0,5
185,24,3,二十四重天,1,1600,2500,10,"1,100|2,0|3,0|5,0",17280,368,368,1610,0.046,0.046,0.046,0.046,0.023,0,0,5
186,24,3,二十四重天,2,1610,2500,10,"1,100|2,0|3,0|5,0",17280,384,368,1610,0.046,0.046,0.046,0.046,0.023,0,0,5
187,24,3,二十四重天,3,1620,2500,10,"1,100|2,0|3,0|5,0",17280,384,384,1610,0.046,0.046,0.046,0.046,0.023,0,0,5
188,24,3,二十四重天,4,1620,2500,10,"1,100|2,0|3,0|5,0",17280,384,384,1680,0.046,0.046,0.046,0.046,0.023,0,0,5
189,24,3,二十四重天,5,1630,2500,10,"1,100|2,0|3,0|5,0",17280,384,384,1680,0.048,0.046,0.046,0.046,0.023,0,0,5
190,24,3,二十四重天,6,1640,2500,10,"1,100|2,0|3,0|5,0",17280,384,384,1680,0.048,0.048,0.046,0.046,0.023,0,0,5
191,24,3,二十四重天,7,1650,2500,10,"1,100|2,0|3,0|5,0",17280,384,384,1680,0.048,0.048,0.048,0.046,0.023,0,0,5
192,24,3,二十四重天,0,36,-1,-1,-1,17280,384,384,1680,0.048,0.048,0.048,0.048,0.024,0,0,5
193,25,1,二十五重天,1,1650,2500,10,"1,100|2,0|3,0|5,0",18000,384,384,1680,0.048,0.048,0.048,0.048,0.024,0,0,5
194,25,1,二十五重天,2,1660,2500,10,"1,100|2,0|3,0|5,0",18000,400,384,1680,0.048,0.048,0.048,0.048,0.024,0,0,5
195,25,1,二十五重天,3,1670,2500,10,"1,100|2,0|3,0|5,0",18000,400,400,1680,0.048,0.048,0.048,0.048,0.024,0,0,5
196,25,1,二十五重天,4,1680,2500,10,"1,100|2,0|3,0|5,0",18000,400,400,1750,0.048,0.048,0.048,0.048,0.024,0,0,5
197,25,1,二十五重天,5,1680,2500,10,"1,100|2,0|3,0|5,0",18000,400,400,1750,0.05,0.048,0.048,0.048,0.024,0,0,5
198,25,1,二十五重天,6,1690,2500,10,"1,100|2,0|3,0|5,0",18000,400,400,1750,0.05,0.05,0.048,0.048,0.024,0,0,5
199,25,1,二十五重天,7,1700,2500,10,"1,100|2,0|3,0|5,0",18000,400,400,1750,0.05,0.05,0.05,0.048,0.024,0,0,5
200,25,1,二十五重天,0,36,-1,-1,-1,18000,400,400,1750,0.05,0.05,0.05,0.05,0.025,0,0,5
201,26,2,二十六重天,1,1710,2500,10,"1,100|2,0|3,0|5,0",18720,400,400,1750,0.05,0.05,0.05,0.05,0.025,0,0,5
202,26,2,二十六重天,2,1710,2500,10,"1,100|2,0|3,0|5,0",18720,416,400,1750,0.05,0.05,0.05,0.05,0.025,0,0,5
203,26,2,二十六重天,3,1720,2500,10,"1,100|2,0|3,0|5,0",18720,416,416,1750,0.05,0.05,0.05,0.05,0.025,0,0,5
204,26,2,二十六重天,4,1730,2500,10,"1,100|2,0|3,0|5,0",18720,416,416,1820,0.05,0.05,0.05,0.05,0.025,0,0,5
205,26,2,二十六重天,5,1740,2500,10,"1,100|2,0|3,0|5,0",18720,416,416,1820,0.052,0.05,0.05,0.05,0.025,0,0,5
206,26,2,二十六重天,6,1740,2500,10,"1,100|2,0|3,0|5,0",18720,416,416,1820,0.052,0.052,0.05,0.05,0.025,0,0,5
207,26,2,二十六重天,7,1750,2500,10,"1,100|2,0|3,0|5,0",18720,416,416,1820,0.052,0.052,0.052,0.05,0.025,0,0,5
208,26,2,二十六重天,0,36,-1,-1,-1,18720,416,416,1820,0.052,0.052,0.052,0.052,0.026,0,0,5
209,27,3,二十七重天,1,1760,2500,10,"1,100|2,0|3,0|5,0",19440,416,416,1820,0.052,0.052,0.052,0.052,0.026,0,0,5
210,27,3,二十七重天,2,1770,2500,10,"1,100|2,0|3,0|5,0",19440,432,416,1820,0.052,0.052,0.052,0.052,0.026,0,0,5
211,27,3,二十七重天,3,1770,2500,10,"1,100|2,0|3,0|5,0",19440,432,432,1820,0.052,0.052,0.052,0.052,0.026,0,0,5
212,27,3,二十七重天,4,1780,2500,10,"1,100|2,0|3,0|5,0",19440,432,432,1890,0.052,0.052,0.052,0.052,0.026,0,0,5
213,27,3,二十七重天,5,1790,2500,10,"1,100|2,0|3,0|5,0",19440,432,432,1890,0.054,0.052,0.052,0.052,0.026,0,0,5
214,27,3,二十七重天,6,1800,2500,10,"1,100|2,0|3,0|5,0",19440,432,432,1890,0.054,0.054,0.052,0.052,0.026,0,0,5
215,27,3,二十七重天,7,1800,2500,10,"1,100|2,0|3,0|5,0",19440,432,432,1890,0.054,0.054,0.054,0.052,0.026,0,0,5
216,27,3,二十七重天,0,36,-1,-1,-1,19440,432,432,1890,0.054,0.054,0.054,0.054,0.027,0,0,5
217,28,1,二十八重天,1,1810,2500,10,"1,100|2,0|3,0|5,0",20160,432,432,1890,0.054,0.054,0.054,0.054,0.027,0,0,5
218,28,1,二十八重天,2,1820,2500,10,"1,100|2,0|3,0|5,0",20160,448,432,1890,0.054,0.054,0.054,0.054,0.027,0,0,5
219,28,1,二十八重天,3,1830,2500,10,"1,100|2,0|3,0|5,0",20160,448,448,1890,0.054,0.054,0.054,0.054,0.027,0,0,5
220,28,1,二十八重天,4,1830,2500,10,"1,100|2,0|3,0|5,0",20160,448,448,1960,0.054,0.054,0.054,0.054,0.027,0,0,5
221,28,1,二十八重天,5,1840,2500,10,"1,100|2,0|3,0|5,0",20160,448,448,1960,0.056,0.054,0.054,0.054,0.027,0,0,5
222,28,1,二十八重天,6,1850,2500,10,"1,100|2,0|3,0|5,0",20160,448,448,1960,0.056,0.056,0.054,0.054,0.027,0,0,5
223,28,1,二十八重天,7,1850,2500,10,"1,100|2,0|3,0|5,0",20160,448,448,1960,0.056,0.056,0.056,0.054,0.027,0,0,5
224,28,1,二十八重天,0,36,-1,-1,-1,20160,448,448,1960,0.056,0.056,0.056,0.056,0.028,0,0,5
225,29,2,二十九重天,1,1860,2500,10,"1,100|2,0|3,0|5,0",20880,448,448,1960,0.056,0.056,0.056,0.056,0.028,0,0,5
226,29,2,二十九重天,2,1870,2500,10,"1,100|2,0|3,0|5,0",20880,464,448,1960,0.056,0.056,0.056,0.056,0.028,0,0,5
227,29,2,二十九重天,3,1880,2500,10,"1,100|2,0|3,0|5,0",20880,464,464,1960,0.056,0.056,0.056,0.056,0.028,0,0,5
228,29,2,二十九重天,4,1880,2500,10,"1,100|2,0|3,0|5,0",20880,464,464,2030,0.056,0.056,0.056,0.056,0.028,0,0,5
229,29,2,二十九重天,5,1890,2500,10,"1,100|2,0|3,0|5,0",20880,464,464,2030,0.058,0.056,0.056,0.056,0.028,0,0,5
230,29,2,二十九重天,6,1900,2500,10,"1,100|2,0|3,0|5,0",20880,464,464,2030,0.058,0.058,0.056,0.056,0.028,0,0,5
231,29,2,二十九重天,7,1910,2500,10,"1,100|2,0|3,0|5,0",20880,464,464,2030,0.058,0.058,0.058,0.056,0.028,0,0,5
232,29,2,二十九重天,0,36,-1,-1,-1,20880,464,464,2030,0.058,0.058,0.058,0.058,0.029,0,0,5
233,30,3,三十重天,1,1910,2500,10,"1,100|2,0|3,0|5,0",21600,464,464,2030,0.058,0.058,0.058,0.058,0.029,0,0,5
234,30,3,三十重天,2,1920,2500,10,"1,100|2,0|3,0|5,0",21600,480,464,2030,0.058,0.058,0.058,0.058,0.029,0,0,5
235,30,3,三十重天,3,1930,2500,10,"1,100|2,0|3,0|5,0",21600,480,480,2030,0.058,0.058,0.058,0.058,0.029,0,0,5
236,30,3,三十重天,4,1930,2500,10,"1,100|2,0|3,0|5,0",21600,480,480,2100,0.058,0.058,0.058,0.058,0.029,0,0,5
237,30,3,三十重天,5,1940,2500,10,"1,100|2,0|3,0|5,0",21600,480,480,2100,0.06,0.058,0.058,0.058,0.029,0,0,5
238,30,3,三十重天,6,1950,2500,10,"1,100|2,0|3,0|5,0",21600,480,480,2100,0.06,0.06,0.058,0.058,0.029,0,0,5
239,30,3,三十重天,7,1960,2500,10,"1,100|2,0|3,0|5,0",21600,480,480,2100,0.06,0.06,0.06,0.058,0.029,0,0,5
240,30,3,三十重天,0,36,-1,-1,-1,21600,480,480,2100,0.06,0.06,0.06,0.06,0.03,0,0,5
241,31,1,三十一重天,1,1960,2500,10,"1,100|2,0|3,0|5,0",22320,480,480,2100,0.06,0.06,0.06,0.06,0.03,0,0,6
242,31,1,三十一重天,2,1970,2500,10,"1,100|2,0|3,0|5,0",22320,496,480,2100,0.06,0.06,0.06,0.06,0.03,0,0,6
243,31,1,三十一重天,3,1980,2500,10,"1,100|2,0|3,0|5,0",22320,496,496,2100,0.06,0.06,0.06,0.06,0.03,0,0,6
244,31,1,三十一重天,4,1980,2500,10,"1,100|2,0|3,0|5,0",22320,496,496,2170,0.06,0.06,0.06,0.06,0.03,0,0,6
245,31,1,三十一重天,5,1990,2500,10,"1,100|2,0|3,0|5,0",22320,496,496,2170,0.062,0.06,0.06,0.06,0.03,0,0,6
246,31,1,三十一重天,6,2000,2500,10,"1,100|2,0|3,0|5,0",22320,496,496,2170,0.062,0.062,0.06,0.06,0.03,0,0,6
247,31,1,三十一重天,7,2010,2500,10,"1,100|2,0|3,0|5,0",22320,496,496,2170,0.062,0.062,0.062,0.06,0.03,0,0,6
248,31,1,三十一重天,0,36,-1,-1,-1,22320,496,496,2170,0.062,0.062,0.062,0.062,0.031,0,0,6
249,32,2,三十二重天,1,2010,2500,10,"1,100|2,0|3,0|5,0",23040,496,496,2170,0.062,0.062,0.062,0.062,0.031,0,0,6
250,32,2,三十二重天,2,2020,2500,10,"1,100|2,0|3,0|5,0",23040,512,496,2170,0.062,0.062,0.062,0.062,0.031,0,0,6
251,32,2,三十二重天,3,2030,2500,10,"1,100|2,0|3,0|5,0",23040,512,512,2170,0.062,0.062,0.062,0.062,0.031,0,0,6
252,32,2,三十二重天,4,2030,2500,10,"1,100|2,0|3,0|5,0",23040,512,512,2240,0.062,0.062,0.062,0.062,0.031,0,0,6
253,32,2,三十二重天,5,2040,2500,10,"1,100|2,0|3,0|5,0",23040,512,512,2240,0.064,0.062,0.062,0.062,0.031,0,0,6
254,32,2,三十二重天,6,2050,2500,10,"1,100|2,0|3,0|5,0",23040,512,512,2240,0.064,0.064,0.062,0.062,0.031,0,0,6
255,32,2,三十二重天,7,2060,2500,10,"1,100|2,0|3,0|5,0",23040,512,512,2240,0.064,0.064,0.064,0.062,0.031,0,0,6
256,32,2,三十二重天,0,36,-1,-1,-1,23040,512,512,2240,0.064,0.064,0.064,0.064,0.032,0,0,6
257,33,3,三十三重天,1,2060,2500,10,"1,100|2,0|3,0|5,0",23760,512,512,2240,0.064,0.064,0.064,0.064,0.032,0,0,6
258,33,3,三十三重天,2,2070,2500,10,"1,100|2,0|3,0|5,0",23760,528,512,2240,0.064,0.064,0.064,0.064,0.032,0,0,6
259,33,3,三十三重天,3,2080,2500,10,"1,100|2,0|3,0|5,0",23760,528,528,2240,0.064,0.064,0.064,0.064,0.032,0,0,6
260,33,3,三十三重天,4,2080,2500,10,"1,100|2,0|3,0|5,0",23760,528,528,2310,0.064,0.064,0.064,0.064,0.032,0,0,6
261,33,3,三十三重天,5,2090,2500,10,"1,100|2,0|3,0|5,0",23760,528,528,2310,0.066,0.064,0.064,0.064,0.032,0,0,6
262,33,3,三十三重天,6,2100,2500,10,"1,100|2,0|3,0|5,0",23760,528,528,2310,0.066,0.066,0.064,0.064,0.032,0,0,6
263,33,3,三十三重天,7,2110,2500,10,"1,100|2,0|3,0|5,0",23760,528,528,2310,0.066,0.066,0.066,0.064,0.032,0,0,6
264,33,3,三十三重天,0,36,-1,-1,-1,23760,528,528,2310,0.066,0.066,0.066,0.066,0.033,0,0,6
265,34,1,三十四重天,1,2110,2500,10,"1,100|2,0|3,0|5,0",24480,528,528,2310,0.066,0.066,0.066,0.066,0.033,0,0,6
266,34,1,三十四重天,2,2120,2500,10,"1,100|2,0|3,0|5,0",24480,544,528,2310,0.066,0.066,0.066,0.066,0.033,0,0,6
267,34,1,三十四重天,3,2130,2500,10,"1,100|2,0|3,0|5,0",24480,544,544,2310,0.066,0.066,0.066,0.066,0.033,0,0,6
268,34,1,三十四重天,4,2130,2500,10,"1,100|2,0|3,0|5,0",24480,544,544,2380,0.066,0.066,0.066,0.066,0.033,0,0,6
269,34,1,三十四重天,5,2140,2500,10,"1,100|2,0|3,0|5,0",24480,544,544,2380,0.068,0.066,0.066,0.066,0.033,0,0,6
270,34,1,三十四重天,6,2150,2500,10,"1,100|2,0|3,0|5,0",24480,544,544,2380,0.068,0.068,0.066,0.066,0.033,0,0,6
271,34,1,三十四重天,7,2150,2500,10,"1,100|2,0|3,0|5,0",24480,544,544,2380,0.068,0.068,0.068,0.066,0.033,0,0,6
272,34,1,三十四重天,0,36,-1,-1,-1,24480,544,544,2380,0.068,0.068,0.068,0.068,0.034,0,0,6
273,35,2,三十五重天,1,2160,2500,10,"1,100|2,0|3,0|5,0",25200,544,544,2380,0.068,0.068,0.068,0.068,0.034,0,0,6
274,35,2,三十五重天,2,2170,2500,10,"1,100|2,0|3,0|5,0",25200,560,544,2380,0.068,0.068,0.068,0.068,0.034,0,0,6
275,35,2,三十五重天,3,2180,2500,10,"1,100|2,0|3,0|5,0",25200,560,560,2380,0.068,0.068,0.068,0.068,0.034,0,0,6
276,35,2,三十五重天,4,2180,2500,10,"1,100|2,0|3,0|5,0",25200,560,560,2450,0.068,0.068,0.068,0.068,0.034,0,0,6
277,35,2,三十五重天,5,2190,2500,10,"1,100|2,0|3,0|5,0",25200,560,560,2450,0.07,0.068,0.068,0.068,0.034,0,0,6
278,35,2,三十五重天,6,2200,2500,10,"1,100|2,0|3,0|5,0",25200,560,560,2450,0.07,0.07,0.068,0.068,0.034,0,0,6
279,35,2,三十五重天,7,2200,2500,10,"1,100|2,0|3,0|5,0",25200,560,560,2450,0.07,0.07,0.07,0.068,0.034,0,0,6
280,35,2,三十五重天,0,36,-1,-1,-1,25200,560,560,2450,0.07,0.07,0.07,0.07,0.035,0,0,6
281,36,3,三十六重天,1,2210,2500,10,"1,100|2,0|3,0|5,0",25920,560,560,2450,0.07,0.07,0.07,0.07,0.035,0,0,6
282,36,3,三十六重天,2,2220,2500,10,"1,100|2,0|3,0|5,0",25920,576,560,2450,0.07,0.07,0.07,0.07,0.035,0,0,6
283,36,3,三十六重天,3,2220,2500,10,"1,100|2,0|3,0|5,0",25920,576,576,2450,0.07,0.07,0.07,0.07,0.035,0,0,6
284,36,3,三十六重天,4,2230,2500,10,"1,100|2,0|3,0|5,0",25920,576,576,2520,0.07,0.07,0.07,0.07,0.035,0,0,6
285,36,3,三十六重天,5,2240,2500,10,"1,100|2,0|3,0|5,0",25920,576,576,2520,0.072,0.07,0.07,0.07,0.035,0,0,6
286,36,3,三十六重天,6,2250,2500,10,"1,100|2,0|3,0|5,0",25920,576,576,2520,0.072,0.072,0.07,0.07,0.035,0,0,6
287,36,3,三十六重天,7,2250,2500,10,"1,100|2,0|3,0|5,0",25920,576,576,2520,0.072,0.072,0.072,0.07,0.035,0,0,6
288,36,3,三十六重天,0,36,-1,-1,-1,25920,576,576,2520,0.072,0.072,0.072,0.072,0.036,0,0,6
289,37,1,三十七重天,1,2260,2500,10,"1,100|2,0|3,0|5,0",26640,576,576,2520,0.072,0.072,0.072,0.072,0.036,0,0,6
290,37,1,三十七重天,2,2270,2500,10,"1,100|2,0|3,0|5,0",26640,592,576,2520,0.072,0.072,0.072,0.072,0.036,0,0,6
291,37,1,三十七重天,3,2270,2500,10,"1,100|2,0|3,0|5,0",26640,592,592,2520,0.072,0.072,0.072,0.072,0.036,0,0,6
292,37,1,三十七重天,4,2280,2500,10,"1,100|2,0|3,0|5,0",26640,592,592,2590,0.072,0.072,0.072,0.072,0.036,0,0,6
293,37,1,三十七重天,5,2290,2500,10,"1,100|2,0|3,0|5,0",26640,592,592,2590,0.074,0.072,0.072,0.072,0.036,0,0,6
294,37,1,三十七重天,6,2290,2500,10,"1,100|2,0|3,0|5,0",26640,592,592,2590,0.074,0.074,0.072,0.072,0.036,0,0,6
295,37,1,三十七重天,7,2300,2500,10,"1,100|2,0|3,0|5,0",26640,592,592,2590,0.074,0.074,0.074,0.072,0.036,0,0,6
296,37,1,三十七重天,0,36,-1,-1,-1,26640,592,592,2590,0.074,0.074,0.074,0.074,0.037,0,0,6
297,38,2,三十八重天,1,2310,2500,10,"1,100|2,0|3,0|5,0",27360,592,592,2590,0.074,0.074,0.074,0.074,0.037,0,0,6
298,38,2,三十八重天,2,2310,2500,10,"1,100|2,0|3,0|5,0",27360,608,592,2590,0.074,0.074,0.074,0.074,0.037,0,0,6
299,38,2,三十八重天,3,2320,2500,10,"1,100|2,0|3,0|5,0",27360,608,608,2590,0.074,0.074,0.074,0.074,0.037,0,0,6
300,38,2,三十八重天,4,2330,2500,10,"1,100|2,0|3,0|5,0",27360,608,608,2660,0.074,0.074,0.074,0.074,0.037,0,0,6
301,38,2,三十八重天,5,2340,2500,10,"1,100|2,0|3,0|5,0",27360,608,608,2660,0.076,0.074,0.074,0.074,0.037,0,0,6
302,38,2,三十八重天,6,2340,2500,10,"1,100|2,0|3,0|5,0",27360,608,608,2660,0.076,0.076,0.074,0.074,0.037,0,0,6
303,38,2,三十八重天,7,2350,2500,10,"1,100|2,0|3,0|5,0",27360,608,608,2660,0.076,0.076,0.076,0.074,0.037,0,0,6
304,38,2,三十八重天,0,36,-1,-1,-1,27360,608,608,2660,0.076,0.076,0.076,0.076,0.038,0,0,6
305,39,3,三十九重天,1,2360,2500,10,"1,100|2,0|3,0|5,0",28080,608,608,2660,0.076,0.076,0.076,0.076,0.038,0,0,6
306,39,3,三十九重天,2,2360,2500,10,"1,100|2,0|3,0|5,0",28080,624,608,2660,0.076,0.076,0.076,0.076,0.038,0,0,6
307,39,3,三十九重天,3,2370,2500,10,"1,100|2,0|3,0|5,0",28080,624,624,2660,0.076,0.076,0.076,0.076,0.038,0,0,6
308,39,3,三十九重天,4,2380,2500,10,"1,100|2,0|3,0|5,0",28080,624,624,2730,0.076,0.076,0.076,0.076,0.038,0,0,6
309,39,3,三十九重天,5,2380,2500,10,"1,100|2,0|3,0|5,0",28080,624,624,2730,0.078,0.076,0.076,0.076,0.038,0,0,6
310,39,3,三十九重天,6,2390,2500,10,"1,100|2,0|3,0|5,0",28080,624,624,2730,0.078,0.078,0.076,0.076,0.038,0,0,6
311,39,3,三十九重天,7,2400,2500,10,"1,100|2,0|3,0|5,0",28080,624,624,2730,0.078,0.078,0.078,0.076,0.038,0,0,6
312,39,3,三十九重天,0,36,-1,-1,-1,28080,624,624,2730,0.078,0.078,0.078,0.078,0.039,0,0,6
313,40,1,四十重天,1,2400,2500,10,"1,100|2,0|3,0|5,0",28800,624,624,2730,0.078,0.078,0.078,0.078,0.039,0,0,6
314,40,1,四十重天,2,2410,2500,10,"1,100|2,0|3,0|5,0",28800,640,624,2730,0.078,0.078,0.078,0.078,0.039,0,0,6
315,40,1,四十重天,3,2420,2500,10,"1,100|2,0|3,0|5,0",28800,640,640,2730,0.078,0.078,0.078,0.078,0.039,0,0,6
316,40,1,四十重天,4,2420,2500,10,"1,100|2,0|3,0|5,0",28800,640,640,2800,0.078,0.078,0.078,0.078,0.039,0,0,6
317,40,1,四十重天,5,2430,2500,10,"1,100|2,0|3,0|5,0",28800,640,640,2800,0.08,0.078,0.078,0.078,0.039,0,0,6
318,40,1,四十重天,6,2440,2500,10,"1,100|2,0|3,0|5,0",28800,640,640,2800,0.08,0.08,0.078,0.078,0.039,0,0,6
319,40,1,四十重天,7,2440,2500,10,"1,100|2,0|3,0|5,0",28800,640,640,2800,0.08,0.08,0.08,0.078,0.039,0,0,6
320,40,1,四十重天,0,36,-1,-1,-1,28800,640,640,2800,0.08,0.08,0.08,0.08,0.04,0,0,6
321,41,2,四十一重天,1,2450,2500,10,"1,100|2,0|3,0|5,0",29520,640,640,2800,0.08,0.08,0.08,0.08,0.04,0,0,6
322,41,2,四十一重天,2,2460,2500,10,"1,100|2,0|3,0|5,0",29520,656,640,2800,0.08,0.08,0.08,0.08,0.04,0,0,6
323,41,2,四十一重天,3,2470,2500,10,"1,100|2,0|3,0|5,0",29520,656,656,2800,0.08,0.08,0.08,0.08,0.04,0,0,6
324,41,2,四十一重天,4,2470,2500,10,"1,100|2,0|3,0|5,0",29520,656,656,2870,0.08,0.08,0.08,0.08,0.04,0,0,6
325,41,2,四十一重天,5,2480,2500,10,"1,100|2,0|3,0|5,0",29520,656,656,2870,0.082,0.08,0.08,0.08,0.04,0,0,6
326,41,2,四十一重天,6,2490,2500,10,"1,100|2,0|3,0|5,0",29520,656,656,2870,0.082,0.082,0.08,0.08,0.04,0,0,6
327,41,2,四十一重天,7,2490,2500,10,"1,100|2,0|3,0|5,0",29520,656,656,2870,0.082,0.082,0.082,0.08,0.04,0,0,6
328,41,1,四十一重天,0,27,-1,-1,-1,29520,656,656,2870,0.082,0.082,0.082,0.082,0.041,0,0,6
